<?xml version="1.0" encoding="UTF-8"?>
<!DOCTYPE properties SYSTEM "http://java.sun.com/dtd/properties.dtd">
<properties>
	<entry key="listCount">
	SELECT
        COUNT(*) "LISTCOUNT"
    FROM BOARD
    WHERE BOARD_TYPE=1
    AND STATUS = 'Y'
	</entry>
	<entry key="selectList">
	SELECT *
    FROM(
        SELECT 
           ROWNUM RNUM
        ,  A.*
        FROM (
            SELECT
                    BOARD_NO
                ,   CATEGORY_NO
                ,   BOARD_TITLE
                ,   BOARD_WRITER
                ,   COUNT
                ,   CREATE_DATE
                FROM BOARD B
                JOIN CATEGORY USING(CATEGORY_NO)
                JOIN MEMBER ON(BOARD_WRITER=USER_NO)
                WHERE B.STATUS = 'Y'
                AND BOARD_TYPE = 1
                ORDER
                   BY BOARD_NO DESC
            )A
    )
	WHERE RNUM BETWEEN ? AND ?
	</entry>
	<entry key="insertBoard">
	INSERT
    INTO BOARD
    (
        BOARD_NO
     ,  BOARD_TYPE
     ,  CATEGORY_NO
     ,	BOARD_TITLE
     ,  BOARD_CONTENT
     ,  BOARD_WRITER
     ,  CREATE_DATE
    )
    VALUES
    (
        SEQ_BNO.NEXTVAL
     ,  1
     ,  ?
     ,  ?
     ,  ?
     ,  ?
     ,  SYSDATE
    )
	</entry>
	<entry key="insertAttachment">
	  INSERT
	  INTO ATTACHMENT
	  (
	     FILE_NO
	   , REF_BNO
	   , ORIGIN_NAME
	   , CHANGE_NAME
	   , FILE_PATH
	  )
	  VALUES
	  (
	    SEQ_FNO.NEXTVAL
	  , SEQ_BNO.CURRVAL
	  , ?
	  , ?
	  , ?
	  )
	</entry>
</properties>