<?xml version="1.0" encoding="UTF-8"?>
<!DOCTYPE properties SYSTEM "http://java.sun.com/dtd/properties.dtd">
<properties>
	<entry key="loginMember">
	/*탭 함부로 쓰지 말래(인코딩작업 시 깨질 수 있음).. 기술방법은 회사마다 다를거다. 알아보기 좋게 쓰자*/
	SELECT
	      USER_NO
	    , USER_ID
		, USER_PWD
		, USER_NAME
		, PHONE
		, EMAIL
		, ADDRESS
		, INTEREST
		, ENROLL_DATE
		, MODIFY_DATE
		, STATUS
	FROM MEMBER
		WHERE USER_ID=?
		AND USER_PWD=?
		AND STATUS='Y'
	</entry>	
	<entry key="insertMember">
	INSERT
	      INTO MEMBER
	      (
	         USER_NO
	       , USER_ID
	       , USER_PWD
	       , USER_NAME
	       , PHONE
	       , EMAIL
	       , ADDRESS
	       , INTEREST
	      )
	      VALUES
	      (
	         SEQ_UNO.NEXTVAL
	       , ?
	       , ?
	       , ?
	       , ?
	       , ?
	       , ?
	       , ?
	      )
	</entry>
	<entry key="updateMember">
	UPDATE
        MEMBER
    SET USER_NAME=?
      , PHONE=?
      , EMAIL=?
      , ADDRESS=?
      , INTEREST=?
      , MODIFY_DATE=SYSDATE
    WHERE
        USER_ID=?
	</entry>
	<entry key="selectMember">
	SELECT
        USER_NO
     ,  USER_ID
     ,  USER_PWD
     ,  USER_NAME
     ,  PHONE
     ,  EMAIL
     ,  ADDRESS
     ,  INTEREST
     ,  ENROLL_DATE
     ,  MODIFY_DATE
     ,  STATUS
 	FROM MEMBER
 	WHERE USER_ID=?
    AND STATUS='Y'
	</entry>
	<entry key="updatePwdMember">
	UPDATE MEMBER
    SET USER_PWD=?
    WHERE USER_ID=?
    AND USER_PWD=?
	</entry>
	<entry key="deleteMember">
	UPDATE
        MEMBER
    SET STATUS='N'
    WHERE USER_ID=?
    AND USER_PWD=?
	</entry>
</properties>

